{"cameraMode":{"drawMode":0,"name":"Shaded","section":"Shading Mode"},"sceneLighting":true,"audioPlay":false,"sceneViewState":{"showFog":true,"showMaterialUpdate":false,"showSkybox":false,"showFlares":true,"showImageEffects":true,"showParticleSystems":true},"in2DMode":false,"pivot":{"x":172.00079345703126,"y":614.9714965820313,"z":-9.3409423828125},"rotation":{"x":-0.07969123125076294,"y":-0.029305918142199518,"z":0.0023463682737201454,"w":-0.9963998794555664},"size":734.3023681640625,"orthographic":false}